id,text,sentAt
m000001,aas,2026-04-13T22:45:12Z
m000002,sas,2026-04-13T22:45:13Z
m000003,asasa,2026-04-13T22:45:14Z
m000004,asasas,2026-04-13T22:45:15Z
m000005,aasas,2026-04-13T22:45:18Z
m000006,sidjaiohdasouhdsuaohdashdoaushdsauohduoashduoashdauosdoasud,2026-04-13T22:55:33Z
m000007,Djjddjdj,2026-04-13T22:57:11Z
m000008,Lolkyjyjxjxjxyjsjsjjsaaaaaaaaaaaaaaaaaaaaasasaasaasaasasjsjs,2026-04-13T22:57:39Z
m000009,hhuiugi,2026-04-13T23:01:28Z
m000010,Jsjsjsjsjskskskskskskskskwkwkwkw,2026-04-13T23:10:13Z
m000011,Jwsjwkskwk,2026-04-13T23:10:18Z
m000012,wrftuf,2026-04-13T23:14:07Z
m000013,ugiugigi,2026-04-13T23:14:10Z
m000014,wtf,2026-04-13T23:14:59Z
m000015,Whzshs,2026-04-13T23:17:07Z
m000016,Finally,2026-04-13T23:29:10Z
m000017,loooooooooool,2026-04-13T23:29:13Z
m000018,sscxycxyc,2026-04-13T23:30:59Z
m000019,LOOOOOOOOOOOOOOOOOOOOOOOOOOOOOOOOOOOOOOOOOOOOOOOOOOOOOOOOOOOOOOOOOOOOOOOOOOOOOOOOOOOOOOOOOOOOOOOOOOOOOOOOOOOOOOOOOOOOOOOOOOOOOOOOOOOOOOOOOOOOOOOO,2026-04-13T23:31:08Z
m000020,"To je extrém ôňú§$ú""ädsid/*",2026-04-13T23:33:35Z
m000021,psdpsdpsdspdospod,2026-04-13T23:52:33Z
